{
  "summary": {
    "test_date": "20260128_115652",
    "knowledge_base": "jieduo_policies",
    "total_docs": 9,
    "total_chars": 56364,
    "total_chunks": 142,
    "num_methods": 3,
    "requests_per_method": 30,
    "concurrency": 10
  },
  "performance_stats": [
    {
      "method": "baseline",
      "test_duration": 10.476867914199829,
      "total_requests": 30,
      "successful_requests": 30,
      "success_rate": 100.0,
      "qps": 2.8634511998895666,
      "total_time": {
        "mean": 2.860352039337158,
        "median": 2.812353014945984,
        "min": 0.9625039100646973,
        "max": 4.671790361404419,
        "p95": 4.550551891326904,
        "p99": 4.671790361404419
      },
      "retrieval_time": {
        "mean": 0.03949282169342041,
        "median": 0.029747605323791504,
        "p95": 0.03391003608703613
      },
      "rerank_time": {
        "mean": 0,
        "median": 0
      },
      "generation_time": {
        "mean": 2.820823884010315,
        "median": 2.7824819087982178,
        "p99": 4.641142845153809
      },
      "ttft": {
        "mean": 0.26580878893534343,
        "median": 0.07840919494628906,
        "min": 0.055405378341674805,
        "max": 0.9390285015106201,
        "p95": 0.9107620716094971,
        "p99": 0.9390285015106201
      }
    },
    {
      "method": "rerank",
      "test_duration": 12.215607404708862,
      "total_requests": 30,
      "successful_requests": 30,
      "success_rate": 100.0,
      "qps": 2.455874604191653,
      "total_time": {
        "mean": 3.1267381429672243,
        "median": 3.1790186166763306,
        "min": 1.359006643295288,
        "max": 4.9702699184417725,
        "p95": 4.828595161437988,
        "p99": 4.9702699184417725
      },
      "retrieval_time": {
        "mean": 0.02829744021097819,
        "median": 0.025746464729309082,
        "p95": 0.03688240051269531
      },
      "rerank_time": {
        "mean": 0.18315365314483642,
        "median": 0.18322968482971191
      },
      "generation_time": {
        "mean": 2.9152259985605875,
        "median": 2.963661789894104,
        "p99": 4.807806491851807
      },
      "ttft": {
        "mean": 0.46055857340494794,
        "median": 0.22161602973937988,
        "min": 0.05684375762939453,
        "max": 1.9923830032348633,
        "p95": 1.7690086364746094,
        "p99": 1.9923830032348633
      }
    },
    {
      "method": "hybrid_rerank",
      "test_duration": 11.291650772094727,
      "total_requests": 30,
      "successful_requests": 30,
      "success_rate": 100.0,
      "qps": 2.656830308119303,
      "total_time": {
        "mean": 2.9081613858540853,
        "median": 2.5018527507781982,
        "min": 1.1384086608886719,
        "max": 5.170711040496826,
        "p95": 4.99196982383728,
        "p99": 5.170711040496826
      },
      "retrieval_time": {
        "mean": 0.02782444953918457,
        "median": 0.026021122932434082,
        "p95": 0.03630208969116211
      },
      "rerank_time": {
        "mean": 0.15319930712382,
        "median": 0.15708446502685547
      },
      "generation_time": {
        "mean": 2.7270925283432006,
        "median": 2.3255693912506104,
        "p99": 4.982159852981567
      },
      "ttft": {
        "mean": 0.3524412314097087,
        "median": 0.1796334981918335,
        "min": 0.060086727142333984,
        "max": 1.6738178730010986,
        "p95": 1.4746520519256592,
        "p99": 1.6738178730010986
      }
    }
  ]
}